{
  "info": {
    "name": "KPA API Assignment",
    "_postman_id": "b1234567-89ab-cdef-0123-456789abcdef",
    "description": "Postman collection for testing the KPA API Assignment",
    "schema": "https://schema.getpostman.com/json/collection/v2.1.0/collection.json"
  },
  "item": [
    {
      "name": "Create Form",
      "request": {
        "method": "POST",
        "header": [{"key": "Content-Type", "value": "application/json"}],
        "body": {
          "mode": "raw",
          "raw": "{\n    \"name\": \"Varsha Bachu\",\n    \"phone_number\": \"7760873976\",\n    \"email\": \"varsha@example.com\",\n    \"address\": \"Hyderabad\"\n}"
        },
        "url": {"raw": "http://127.0.0.1:8000/api/v1/form"}
      }
    }
  ]
}